{
    "AgentID": 0,
    "Amount": "0",
    "BookingId": "bacac7a0-0b38-4ea8-a128-f101c2fc6b48",
    "BookingRef": "201711000039",
    "BookingStatus": "Success",
    "CardNumber": "",
    "Currency": "USD",
    "CustomerEmail": "hotelservice@mogutrip.cn",
    "CustomerName": "YIYA",
    "ErrorMsg": "Success",
    "ExpiryDate": "",
    "IsPayLink": false,
    "IsPromotion": false,
    "ObjActivitySearch": null,
    "PNRNumber": null,
    "PaymentId": "37759f21-7a41-4089-b252-e51f7c03821e",
    "PaymentType": null,
    "ProductBookingId": "11057",
    "ProductType": "hotel",
    "SourceApplication": "B2B",
    "Status": false,
    "TransPK": 0,
    "TransactionID": "",
    "UniqueTxnId": "",
    "paymenttypemsg": "CreditLimit"
}