{
    "BillingAddressDetails": {
        "BillingCity": "BeiJing",
        "BillingCountry": null,
        "BillingLine1": "jianwaisoho",
        "BillingLine2": "",
        "BillingState": "BeiJing",
        "BillingZipCode": "100000"
    },
    "Booking": {
        "Adults": 4,
        "BookingStatus": "Pending",
        "Checkin": "2018-01-03T00:00:00",
        "Checkout": "2018-01-04T00:00:00",
        "Child2": 0,
        "Childs": 0,
        "Currency": "USD",
        "Destination": "Singapore, Singapore",
        "IpAddress": "127.0.0.1",
        "RoomFormat": "room1=2,0&room2=2,0",
        "Rooms": 2,
        "Senior": 0,
        "TotalAmount": "81.23",
        "TzMemberId": "2313",
        "Youth": 0
    },
    "ProductDetails": [
        {
            "Booksource": "DQKDtQXkFbsJ9Je2L55W",
            "Currency": "USD",
            "ProductId": "91941",
            "ProductName": "Hotel 81 - Orchid",
            "ProductType": "hotel",
            "RoomsArrangement": [
                {
                    "CachekeyValue": "",
                    "CancellationPolicy": {
                        "AsOfDate": "2017-12-30 23:59",
                        "Description": "Hotel 81 Orchid will impose a charge if changes or cancellation are made after 30 Dec 2017 23:59. Date and time is calculated based on local time at destination. ",
                        "HotelPenalty": "42.258179964SGD",
                        "OrbitzPenalty": "0SGD",
                        "PenaltyType": "Charges will apply if changes or cancellations are made on or after 31 Dec 2017 00:00 hotel local time.",
                        "PenaltyTypeCode": "FREE_CANCELLATION"
                    },
                    "CheckoutFee": "0.0",
                    "CheckoutFeeCurrency": null,
                    "Commission": null,
                    "Currency": "USD",
                    "DistributorFee": "0.0",
                    "DistributorFeeCurrency": "USD",
                    "HotelFee": "0",
                    "HotelFeeCurrency": "USD",
                    "Key": "17fB26xeXgZAvFpEFWndJQam:GS-BAR COMMISSI:322:RO-SG1:ST:TWN-SG1",
                    "Link": "17fB26xeXgZAvFpEFWndJQam:GS-BAR COMMISSI:322:RO-SG1:ST:TWN-SG1",
                    "PackageHotelId": 0,
                    "PackageHotelName": null,
                    "RoomAccessCode": "322+H+1",
                    "RoomCategory": "",
                    "RoomCode": "322+H+1",
                    "RoomDesc": "TWIN STANDARD",
                    "RoomNo": 1,
                    "SmokingPreferences": "",
                    "Taxes": "0.0",
                    "TaxesCurrency": "USD",
                    "TaxesFee": "42.258179964",
                    "TaxesFeeCurrency": "USD",
                    "TotalCost": "42.258179964",
                    "TotalCostCurrency": "USD",
                    "TotalCostInclusive": "42.258179964",
                    "TotalCostInclusiveCurrency": "USD",
                    "TravellerIndex": 0,
                    "adult": 2,
                    "adultIDs": [
                        "1",
                        "2"
                    ],
                    "bed_type": null,
                    "bf_type": null,
                    "child": 0,
                    "childIDs": [],
                    "isbreakfast": false
                },
                {
                    "CachekeyValue": "",
                    "CancellationPolicy": {
                        "AsOfDate": "2017-12-30 23:59",
                        "Description": "Hotel 81 Orchid will impose a charge if changes or cancellation are made after 30 Dec 2017 23:59. Date and time is calculated based on local time at destination. ",
                        "HotelPenalty": "42.258179964SGD",
                        "OrbitzPenalty": "0SGD",
                        "PenaltyType": "Charges will apply if changes or cancellations are made on or after 31 Dec 2017 00:00 hotel local time.",
                        "PenaltyTypeCode": "FREE_CANCELLATION"
                    },
                    "CheckoutFee": "0.0",
                    "CheckoutFeeCurrency": null,
                    "Commission": null,
                    "Currency": "USD",
                    "DistributorFee": "0.0",
                    "DistributorFeeCurrency": "USD",
                    "HotelFee": "0",
                    "HotelFeeCurrency": "USD",
                    "Key": "17fB26xeXgZAvFpEFWndJQam:GS-BAR COMMISSI:322:RO-SG1:ST:TWN-SG1",
                    "Link": "17fB26xeXgZAvFpEFWndJQam:GS-BAR COMMISSI:322:RO-SG1:ST:TWN-SG1",
                    "PackageHotelId": 0,
                    "PackageHotelName": null,
                    "RoomAccessCode": "322+H+1",
                    "RoomCategory": "",
                    "RoomCode": "322+H+1",
                    "RoomDesc": "TWIN STANDARD",
                    "RoomNo": 2,
                    "SmokingPreferences": "",
                    "Taxes": "0.0",
                    "TaxesCurrency": "USD",
                    "TaxesFee": "42.258179964",
                    "TaxesFeeCurrency": "USD",
                    "TotalCost": "42.258179964",
                    "TotalCostCurrency": "USD",
                    "TotalCostInclusive": "42.258179964",
                    "TotalCostInclusiveCurrency": "USD",
                    "TravellerIndex": 0,
                    "adult": 4,
                    "adultIDs": [
                        "3",
                        "4"
                    ],
                    "bed_type": null,
                    "bf_type": null,
                    "child": 0,
                    "childIDs": [],
                    "isbreakfast": false
                }
            ],
            "TotalCost": "81.23",
            "agencyReference": "163007",
            "purchaseToken": "O3254901463"
        }
    ],
    "Travellers": [
        {
            "CountryCode": null,
            "Email": "hotelservice@mogutrip.cn",
            "FirstName": "YIYA",
            "Index": 1,
            "LastName": "YANG",
            "Phone": "",
            "PhoneNumber": "",
            "Salutation": null,
            "TravellerType": "Adult"
        },
        {
            "CountryCode": null,
            "Email": "hotelservice@mogutrip.cn",
            "FirstName": "ER",
            "Index": 2,
            "LastName": "YANG",
            "Phone": "",
            "PhoneNumber": "",
            "Salutation": null,
            "TravellerType": "Adult"
        },
        {
            "CountryCode": null,
            "Email": "hotelservice@mogutrip.cn",
            "FirstName": "SAN",
            "Index": 3,
            "LastName": "YANG",
            "Phone": "",
            "PhoneNumber": "",
            "Salutation": null,
            "TravellerType": "Adult"
        },
        {
            "CountryCode": null,
            "Email": "hotelservice@mogutrip.cn",
            "FirstName": "SI",
            "Index": 4,
            "LastName": "YANG",
            "Phone": "",
            "PhoneNumber": "",
            "Salutation": null,
            "TravellerType": "Adult"
        }
    ]
}