{
    "Adults": 4,
    "CachekeyValue": "",
    "CheckIn": "2018-01-03",
    "CheckInTime": "2018-01-03",
    "CheckOut": "2018-01-04",
    "CheckOutTime": "2018-01-04",
    "Childs": 0,
    "Country": null,
    "Currency": "USD",
    "Description": "<p><b>Property Location</b> <br />With a stay at Hotel 81 Orchid in Singapore (Geylang), you'll be close to Singapore National Stadium and Chinatown Heritage Center.  This hotel is within close proximity of Singapore Sports Hub and Kallang Wave Mall.</p><p><b>Rooms</b> <br />Make yourself at home in one of the 174 air-conditioned guestrooms. Complimentary wireless Internet access keeps you connected, and cable programming is available for your entertainment. Bathrooms have showers and hair dryers. Conveniences include desks and coffee/tea makers, as well as phones with free local calls.</p><p><b>Amenities</b> <br />Make use of convenient amenities such as complimentary wireless Internet access, a television in a common area, and tour/ticket assistance.</p><p><b>Dining</b> <br />Grab a bite from a grocery/convenience store serving guests of Hotel 81 Orchid.</p><p><b>Business, Other Amenities</b> <br />Featured amenities include express check-in, express check-out, and dry cleaning/laundry services. Free self parking is available onsite.</p>",
    "Destination": "Singapore, Singapore",
    "HotelCode": null,
    "HotelID": "91941",
    "HotelName": "Hotel 81 - Orchid",
    "LstHotelImages": [
        {
            "Title": null,
            "URL": "http://media.expedia.com/hotels/5000000/4120000/4118900/4118895/4118895_17_b.jpg"
        },
        {
            "Title": null,
            "URL": "http://media.expedia.com/hotels/5000000/4120000/4118900/4118895/4118895_18_b.jpg"
        },
        {
            "Title": null,
            "URL": "http://media.expedia.com/hotels/5000000/4120000/4118900/4118895/4118895_19_b.jpg"
        },
        {
            "Title": null,
            "URL": "http://media.expedia.com/hotels/5000000/4120000/4118900/4118895/4118895_22_b.jpg"
        },
        {
            "Title": null,
            "URL": "http://media.expedia.com/hotels/5000000/4120000/4118900/4118895/4118895_23_b.jpg"
        },
        {
            "Title": null,
            "URL": "http://media.expedia.com/hotels/5000000/4120000/4118900/4118895/4118895_24_b.jpg"
        },
        {
            "Title": null,
            "URL": "http://media.expedia.com/hotels/5000000/4120000/4118900/4118895/4118895_25_b.jpg"
        },
        {
            "Title": null,
            "URL": "http://media.expedia.com/hotels/5000000/4120000/4118900/4118895/4118895_21_b.jpg"
        },
        {
            "Title": null,
            "URL": "http://media.expedia.com/hotels/5000000/4120000/4118900/4118895/4118895_34_b.jpg"
        },
        {
            "Title": null,
            "URL": "http://media.expedia.com/hotels/5000000/4120000/4118900/4118895/4118895_20_b.jpg"
        }
    ],
    "LstRooms": [
        {
            "LstRoomDetails": [
                {
                    "Amount": 0.0,
                    "AverageNightlyRate": 40.6110705,
                    "AverageNightlyStrikeRate": 0.0,
                    "Board": "",
                    "BookingFee": 0.0,
                    "CachekeyValue": null,
                    "CancellUpto": "30 Dec 2017 23:59",
                    "ChargeablesText": null,
                    "CheckoutFee": 0.0,
                    "Description": "DOUBLE STANDARD",
                    "DistributorFee": 0.0,
                    "Fee": 0.0,
                    "FreeCancellable": true,
                    "HasFreeInternet": false,
                    "HotelCode": null,
                    "HotelID": "91941",
                    "Id": null,
                    "Key": "17fB26xeXgZAvFpEFWndJQam:GS-BAR COMMISSI:322:RO-SG1:ST:DBL-SG1",
                    "Link": "17fB26xeXgZAvFpEFWndJQam:GS-BAR COMMISSI:322:RO-SG1:ST:DBL-SG1",
                    "Location": null,
                    "PromoCode": "",
                    "PromotionText": "",
                    "ProviderCode": "DQKDtQXkFbsJ9Je2L55W",
                    "RateType": "",
                    "RequestCode": null,
                    "RoomCode": "17fB26xeXgZAvFpEFWndJQam:GS-BAR COMMISSI:322:RO-SG1:ST:DBL-SG1",
                    "RoomNo": 1,
                    "Taxes": 0.0,
                    "TotalCost": 40.6110705,
                    "TotalCostInclusive": 40.6110705,
                    "TotalStrikeRate": 0.0,
                    "TypeCode": "DBL-SG1",
                    "TypeValue": "DOUBLE STANDARD",
                    "availToken": "DQKDtQXkFbsJ9Je2L55W",
                    "breakfast_type": null,
                    "isbreakfast": false
                },
                {
                    "Amount": 0.0,
                    "AverageNightlyRate": 40.6110705,
                    "AverageNightlyStrikeRate": 0.0,
                    "Board": "",
                    "BookingFee": 0.0,
                    "CachekeyValue": null,
                    "CancellUpto": "30 Dec 2017 23:59",
                    "ChargeablesText": null,
                    "CheckoutFee": 0.0,
                    "Description": "TWIN STANDARD",
                    "DistributorFee": 0.0,
                    "Fee": 0.0,
                    "FreeCancellable": true,
                    "HasFreeInternet": false,
                    "HotelCode": null,
                    "HotelID": "91941",
                    "Id": null,
                    "Key": "17fB26xeXgZAvFpEFWndJQam:GS-BAR COMMISSI:322:RO-SG1:ST:TWN-SG1",
                    "Link": "17fB26xeXgZAvFpEFWndJQam:GS-BAR COMMISSI:322:RO-SG1:ST:TWN-SG1",
                    "Location": null,
                    "PromoCode": "",
                    "PromotionText": "",
                    "ProviderCode": "DQKDtQXkFbsJ9Je2L55W",
                    "RateType": "",
                    "RequestCode": null,
                    "RoomCode": "17fB26xeXgZAvFpEFWndJQam:GS-BAR COMMISSI:322:RO-SG1:ST:TWN-SG1",
                    "RoomNo": 1,
                    "Taxes": 0.0,
                    "TotalCost": 40.6110705,
                    "TotalCostInclusive": 40.6110705,
                    "TotalStrikeRate": 0.0,
                    "TypeCode": "TWN-SG1",
                    "TypeValue": "TWIN STANDARD",
                    "availToken": "DQKDtQXkFbsJ9Je2L55W",
                    "breakfast_type": null,
                    "isbreakfast": false
                },
                {
                    "Amount": 0.0,
                    "AverageNightlyRate": 44.84217738,
                    "AverageNightlyStrikeRate": 0.0,
                    "Board": "",
                    "BookingFee": 0.0,
                    "CachekeyValue": null,
                    "CancellUpto": "30 Dec 2017 23:59",
                    "ChargeablesText": null,
                    "CheckoutFee": 0.0,
                    "Description": "Double or Twin RUN OF HOUSE",
                    "DistributorFee": 0.0,
                    "Fee": 0.0,
                    "FreeCancellable": true,
                    "HasFreeInternet": false,
                    "HotelCode": null,
                    "HotelID": "91941",
                    "Id": null,
                    "Key": "17fB26xeXgZAvFpEFWndJQam:GS - ALL:322:RO-SG1:RO:DBT-SG1",
                    "Link": "17fB26xeXgZAvFpEFWndJQam:GS - ALL:322:RO-SG1:RO:DBT-SG1",
                    "Location": null,
                    "PromoCode": "",
                    "PromotionText": "",
                    "ProviderCode": "DQKDtQXkFbsJ9Je2L55W",
                    "RateType": "",
                    "RequestCode": null,
                    "RoomCode": "17fB26xeXgZAvFpEFWndJQam:GS - ALL:322:RO-SG1:RO:DBT-SG1",
                    "RoomNo": 1,
                    "Taxes": 0.0,
                    "TotalCost": 44.84217738,
                    "TotalCostInclusive": 44.84217738,
                    "TotalStrikeRate": 0.0,
                    "TypeCode": "DBT-SG1",
                    "TypeValue": "Double or Twin RUN OF HOUSE",
                    "availToken": "DQKDtQXkFbsJ9Je2L55W",
                    "breakfast_type": null,
                    "isbreakfast": false
                }
            ]
        },
        {
            "LstRoomDetails": [
                {
                    "Amount": 0.0,
                    "AverageNightlyRate": 40.6110705,
                    "AverageNightlyStrikeRate": 0.0,
                    "Board": "",
                    "BookingFee": 0.0,
                    "CachekeyValue": null,
                    "CancellUpto": "30 Dec 2017 23:59",
                    "ChargeablesText": null,
                    "CheckoutFee": 0.0,
                    "Description": "DOUBLE STANDARD",
                    "DistributorFee": 0.0,
                    "Fee": 0.0,
                    "FreeCancellable": true,
                    "HasFreeInternet": false,
                    "HotelCode": null,
                    "HotelID": "91941",
                    "Id": null,
                    "Key": "17fB26xeXgZAvFpEFWndJQam:GS-BAR COMMISSI:322:RO-SG1:ST:DBL-SG1",
                    "Link": "17fB26xeXgZAvFpEFWndJQam:GS-BAR COMMISSI:322:RO-SG1:ST:DBL-SG1",
                    "Location": null,
                    "PromoCode": "",
                    "PromotionText": "",
                    "ProviderCode": "DQKDtQXkFbsJ9Je2L55W",
                    "RateType": "",
                    "RequestCode": null,
                    "RoomCode": "17fB26xeXgZAvFpEFWndJQam:GS-BAR COMMISSI:322:RO-SG1:ST:DBL-SG1",
                    "RoomNo": 2,
                    "Taxes": 0.0,
                    "TotalCost": 40.6110705,
                    "TotalCostInclusive": 40.6110705,
                    "TotalStrikeRate": 0.0,
                    "TypeCode": "DBL-SG1",
                    "TypeValue": "DOUBLE STANDARD",
                    "availToken": "DQKDtQXkFbsJ9Je2L55W",
                    "breakfast_type": null,
                    "isbreakfast": false
                },
                {
                    "Amount": 0.0,
                    "AverageNightlyRate": 40.6110705,
                    "AverageNightlyStrikeRate": 0.0,
                    "Board": "",
                    "BookingFee": 0.0,
                    "CachekeyValue": null,
                    "CancellUpto": "30 Dec 2017 23:59",
                    "ChargeablesText": null,
                    "CheckoutFee": 0.0,
                    "Description": "TWIN STANDARD",
                    "DistributorFee": 0.0,
                    "Fee": 0.0,
                    "FreeCancellable": true,
                    "HasFreeInternet": false,
                    "HotelCode": null,
                    "HotelID": "91941",
                    "Id": null,
                    "Key": "17fB26xeXgZAvFpEFWndJQam:GS-BAR COMMISSI:322:RO-SG1:ST:TWN-SG1",
                    "Link": "17fB26xeXgZAvFpEFWndJQam:GS-BAR COMMISSI:322:RO-SG1:ST:TWN-SG1",
                    "Location": null,
                    "PromoCode": "",
                    "PromotionText": "",
                    "ProviderCode": "DQKDtQXkFbsJ9Je2L55W",
                    "RateType": "",
                    "RequestCode": null,
                    "RoomCode": "17fB26xeXgZAvFpEFWndJQam:GS-BAR COMMISSI:322:RO-SG1:ST:TWN-SG1",
                    "RoomNo": 2,
                    "Taxes": 0.0,
                    "TotalCost": 40.6110705,
                    "TotalCostInclusive": 40.6110705,
                    "TotalStrikeRate": 0.0,
                    "TypeCode": "TWN-SG1",
                    "TypeValue": "TWIN STANDARD",
                    "availToken": "DQKDtQXkFbsJ9Je2L55W",
                    "breakfast_type": null,
                    "isbreakfast": false
                },
                {
                    "Amount": 0.0,
                    "AverageNightlyRate": 44.84217738,
                    "AverageNightlyStrikeRate": 0.0,
                    "Board": "",
                    "BookingFee": 0.0,
                    "CachekeyValue": null,
                    "CancellUpto": "30 Dec 2017 23:59",
                    "ChargeablesText": null,
                    "CheckoutFee": 0.0,
                    "Description": "Double or Twin RUN OF HOUSE",
                    "DistributorFee": 0.0,
                    "Fee": 0.0,
                    "FreeCancellable": true,
                    "HasFreeInternet": false,
                    "HotelCode": null,
                    "HotelID": "91941",
                    "Id": null,
                    "Key": "17fB26xeXgZAvFpEFWndJQam:GS - ALL:322:RO-SG1:RO:DBT-SG1",
                    "Link": "17fB26xeXgZAvFpEFWndJQam:GS - ALL:322:RO-SG1:RO:DBT-SG1",
                    "Location": null,
                    "PromoCode": "",
                    "PromotionText": "",
                    "ProviderCode": "DQKDtQXkFbsJ9Je2L55W",
                    "RateType": "",
                    "RequestCode": null,
                    "RoomCode": "17fB26xeXgZAvFpEFWndJQam:GS - ALL:322:RO-SG1:RO:DBT-SG1",
                    "RoomNo": 2,
                    "Taxes": 0.0,
                    "TotalCost": 44.84217738,
                    "TotalCostInclusive": 44.84217738,
                    "TotalStrikeRate": 0.0,
                    "TypeCode": "DBT-SG1",
                    "TypeValue": "Double or Twin RUN OF HOUSE",
                    "availToken": "DQKDtQXkFbsJ9Je2L55W",
                    "breakfast_type": null,
                    "isbreakfast": false
                }
            ]
        }
    ],
    "NoOfNights": 1,
    "Provider": "",
    "RecommendationCount": "",
    "ReviewCount": "",
    "ReviewScores": "",
    "RoomFormat": "room1=2,0&room2=2,0",
    "Rooms": 2,
    "StarRating": "2",
    "TotalCost": 0.0,
    "TotalCostInclusive": 40.6110705,
    "city": "Singapore",
    "latitude": 1.311,
    "longitude": 103.87716,
    "postalCode": null,
    "street1": "21 Lorong 8 Geylang,Singapore,399090"
}