{
    "HotelsList": [
        {
            "Adults": 4,
            "AverageNightlyRate": 86.163469392,
            "AverageNightlyStrikeRate": 0.0,
            "CheckIn": "2018-01-03",
            "CheckOut": "2018-01-04",
            "Childs": 0,
            "Currency": "USD",
            "Description": "In Singapore (Geylang)",
            "Destination": "Singapore, Singapore",
            "FreeCancellable": false,
            "HotelCode": "80188",
            "HotelID": "80188",
            "HotelImage": "https://res.cloudinary.com/travelprologue1/image/fetch/s--xmZBuw6b--/c_imagga_crop,h_115,w_109/http://media.expedia.com/hotels/3000000/2140000/2139500/2139442/7c1172dc_b.jpg",
            "HotelName": "Fragrance Emerald",
            "PromotionText": [
                "Non-refundable rate. No amendments permitted",
                "Early Booking discount",
                "Exclusive discount"
            ],
            "Provider": "awgWYB6d8qIlTiHuza68",
            "RequestCode": null,
            "RoomDesc": null,
            "RoomFormat": "room1=2,0&room2=2,0",
            "RoomNo": 0,
            "Rooms": 2,
            "Sequence": 2,
            "StarRating": "2.0",
            "TotalCostInclusive": 86.163469392,
            "TotalRecords": 0,
            "TpHotelID": "cdfd1fd4ac48193a2fa6bd6f9dde0a6d0b134e90",
            "availToken": "awgWYB6d8qIlTiHuza68",
            "isFreeInternet": false,
            "latitude": null,
            "longitude": null
        },
        {
            "Adults": 4,
            "AverageNightlyRate": 81.222141,
            "AverageNightlyStrikeRate": 0.0,
            "CheckIn": "2018-01-03",
            "CheckOut": "2018-01-04",
            "Childs": 0,
            "Currency": "USD",
            "Description": "In Singapore (Geylang)",
            "Destination": "Singapore, Singapore",
            "FreeCancellable": false,
            "HotelCode": "80852",
            "HotelID": "80852",
            "HotelImage": "https://res.cloudinary.com/travelprologue1/image/fetch/s--8Lfuu8YG--/c_imagga_crop,h_115,w_109/http://media.expedia.com/hotels/3000000/2810000/2806500/2806435/2806435_16_b.jpg",
            "HotelName": "Hotel 81 - Geylang",
            "PromotionText": [],
            "Provider": "awgWYB6d8qIlTiHuza68",
            "RequestCode": null,
            "RoomDesc": null,
            "RoomFormat": "room1=2,0&room2=2,0",
            "RoomNo": 0,
            "Rooms": 2,
            "Sequence": 5,
            "StarRating": "2.0",
            "TotalCostInclusive": 81.222141,
            "TotalRecords": 0,
            "TpHotelID": "27298fbeef57c7b8beaa170d4165d9703d78bff0",
            "availToken": "awgWYB6d8qIlTiHuza68",
            "isFreeInternet": false,
            "latitude": null,
            "longitude": null
        },
        {
            "Adults": 4,
            "AverageNightlyRate": 86.163469392,
            "AverageNightlyStrikeRate": 0.0,
            "CheckIn": "2018-01-03",
            "CheckOut": "2018-01-04",
            "Childs": 0,
            "Currency": "USD",
            "Description": "In Singapore (Geylang)",
            "Destination": "Singapore, Singapore",
            "FreeCancellable": false,
            "HotelCode": "80191",
            "HotelID": "80191",
            "HotelImage": "https://res.cloudinary.com/travelprologue1/image/fetch/s--pYSk3oac--/c_imagga_crop,h_115,w_109/http://media.expedia.com/hotels/3000000/2140000/2139600/2139531/2139531_46_b.jpg",
            "HotelName": "Fragrance Sapphire",
            "PromotionText": [
                "Non-refundable rate. No amendments permitted",
                "Early Booking discount",
                "Exclusive discount"
            ],
            "Provider": "awgWYB6d8qIlTiHuza68",
            "RequestCode": null,
            "RoomDesc": null,
            "RoomFormat": "room1=2,0&room2=2,0",
            "RoomNo": 0,
            "Rooms": 2,
            "Sequence": 4,
            "StarRating": "2.0",
            "TotalCostInclusive": 86.163469392,
            "TotalRecords": 0,
            "TpHotelID": "a360a5ccf29ec6af1d162da3b607f82588306e18",
            "availToken": "awgWYB6d8qIlTiHuza68",
            "isFreeInternet": false,
            "latitude": null,
            "longitude": null
        },
        {
            "Adults": 4,
            "AverageNightlyRate": 78.04881084,
            "AverageNightlyStrikeRate": 0.0,
            "CheckIn": "2018-01-03",
            "CheckOut": "2018-01-04",
            "Childs": 0,
            "Currency": "USD",
            "Description": "In Singapore (Geylang)",
            "Destination": "Singapore, Singapore",
            "FreeCancellable": false,
            "HotelCode": "76435",
            "HotelID": "76435",
            "HotelImage": "https://res.cloudinary.com/travelprologue1/image/fetch/s--tZrfJnrK--/c_imagga_crop,h_115,w_109/http://media.expedia.com/hotels/5000000/4120000/4119800/4119789/4119789_14_b.jpg",
            "HotelName": "Hotel 81 - Palace",
            "PromotionText": [],
            "Provider": "awgWYB6d8qIlTiHuza68",
            "RequestCode": null,
            "RoomDesc": null,
            "RoomFormat": "room1=2,0&room2=2,0",
            "RoomNo": 0,
            "Rooms": 2,
            "Sequence": 1,
            "StarRating": "2.0",
            "TotalCostInclusive": 78.04881084,
            "TotalRecords": 0,
            "TpHotelID": "0d7668d722a34c6e1397dddf105ac68fc1231ec3",
            "availToken": "awgWYB6d8qIlTiHuza68",
            "isFreeInternet": false,
            "latitude": null,
            "longitude": null
        },
        {
            "Adults": 4,
            "AverageNightlyRate": 78.230143992,
            "AverageNightlyStrikeRate": 0.0,
            "CheckIn": "2018-01-03",
            "CheckOut": "2018-01-04",
            "Childs": 0,
            "Currency": "USD",
            "Description": "In Singapore (Geylang)",
            "Destination": "Singapore, Singapore",
            "FreeCancellable": false,
            "HotelCode": "140150",
            "HotelID": "140150",
            "HotelImage": "https://res.cloudinary.com/travelprologue1/image/fetch/s--JMmuUf-1--/c_imagga_crop,h_115,w_109/http://media.expedia.com/hotels/5000000/4120000/4118900/4118894/4118894_17_b.jpg",
            "HotelName": "Hotel 81 - Lucky",
            "PromotionText": [],
            "Provider": "awgWYB6d8qIlTiHuza68",
            "RequestCode": null,
            "RoomDesc": null,
            "RoomFormat": "room1=2,0&room2=2,0",
            "RoomNo": 0,
            "Rooms": 2,
            "Sequence": 0,
            "StarRating": "2.0",
            "TotalCostInclusive": 78.230143992,
            "TotalRecords": 0,
            "TpHotelID": "07ec9c839f0672d804360c37a661fb26d66532aa",
            "availToken": "awgWYB6d8qIlTiHuza68",
            "isFreeInternet": false,
            "latitude": null,
            "longitude": null
        },
        {
            "Adults": 4,
            "AverageNightlyRate": 86.163469392,
            "AverageNightlyStrikeRate": 0.0,
            "CheckIn": "2018-01-03",
            "CheckOut": "2018-01-04",
            "Childs": 0,
            "Currency": "USD",
            "Description": "In Singapore (Geylang)",
            "Destination": "Singapore, Singapore",
            "FreeCancellable": false,
            "HotelCode": "80190",
            "HotelID": "80190",
            "HotelImage": "https://res.cloudinary.com/travelprologue1/image/fetch/s--OToJ_jjs--/c_imagga_crop,h_115,w_109/http://media.expedia.com/hotels/3000000/2140000/2139900/2139855/1511bbef_b.jpg",
            "HotelName": "Fragrance Ruby",
            "PromotionText": [
                "Non-refundable rate. No amendments permitted",
                "Early Booking discount",
                "Exclusive discount"
            ],
            "Provider": "awgWYB6d8qIlTiHuza68",
            "RequestCode": null,
            "RoomDesc": null,
            "RoomFormat": "room1=2,0&room2=2,0",
            "RoomNo": 0,
            "Rooms": 2,
            "Sequence": 3,
            "StarRating": "2.0",
            "TotalCostInclusive": 86.163469392,
            "TotalRecords": 0,
            "TpHotelID": "f823675591f423a577c6bb80cf1671c6bed452fa",
            "availToken": "awgWYB6d8qIlTiHuza68",
            "isFreeInternet": false,
            "latitude": null,
            "longitude": null
        },
        {
            "Adults": 4,
            "AverageNightlyRate": 81.222141,
            "AverageNightlyStrikeRate": 0.0,
            "CheckIn": "2018-01-03",
            "CheckOut": "2018-01-04",
            "Childs": 0,
            "Currency": "USD",
            "Description": "In Singapore (Geylang)",
            "Destination": "Singapore, Singapore",
            "FreeCancellable": false,
            "HotelCode": "91941",
            "HotelID": "91941",
            "HotelImage": "https://res.cloudinary.com/travelprologue1/image/fetch/s--TIYkOFeu--/c_imagga_crop,h_115,w_109/http://media.expedia.com/hotels/5000000/4120000/4118900/4118895/4118895_20_b.jpg",
            "HotelName": "Hotel 81 - Orchid",
            "PromotionText": [],
            "Provider": "awgWYB6d8qIlTiHuza68",
            "RequestCode": null,
            "RoomDesc": null,
            "RoomFormat": "room1=2,0&room2=2,0",
            "RoomNo": 0,
            "Rooms": 2,
            "Sequence": 6,
            "StarRating": "2.0",
            "TotalCostInclusive": 81.222141,
            "TotalRecords": 0,
            "TpHotelID": "bb50c2d90e12597140b146c5adaa0e3412aa3799",
            "availToken": "awgWYB6d8qIlTiHuza68",
            "isFreeInternet": false,
            "latitude": null,
            "longitude": null
        }
    ],
    "MaxPrice": 0.0,
    "SearchCriteria": {
        "Adults": 4,
        "Amenities": null,
        "ChainCodesExcludes": null,
        "ChainCodesIncludes": null,
        "CheckIn": "2018-01-03",
        "CheckOut": "2018-01-04",
        "Childs": 0,
        "CityID": 5047,
        "Currency": "USD",
        "Destination": "Singapore, Singapore",
        "DisplayOrder": null,
        "HotelCode": null,
        "HotelId": null,
        "HotelName": null,
        "MaxPrice": 87.163469392,
        "MaxStar": 0,
        "MinPrice": 77.04881084,
        "MinStar": 0,
        "PageNo": "1",
        "PageSize": null,
        "Partner": null,
        "Provider": null,
        "RegionId": 0,
        "RequestID": 699,
        "RoomFormat": "room1=2,0&room2=2,0",
        "Rooms": 2,
        "SortBy": null,
        "StarCount": [
            0,
            7,
            0,
            0,
            0
        ],
        "StarRange": null,
        "TotalAvalibleHotels": 7,
        "_IsStatus": false
    },
    "StatusR": null
}