[
    {
        "Chaincode": "",
        "City": "",
        "Country": "",
        "HotelId": "91941",
        "HotelImage": "http://api-dev.travelprologue.com/Images/HotelImage.png",
        "HotelName": "Hotel 81 Orchid",
        "Postalcode": "",
        "PriceBreakDown": [
            {
                "ActualTotalCostInclusive": 55.93,
                "BreakfastChargesPerExtraAdult": 0.0,
                "BreakfastTotalCost": null,
                "CancellationPolicy": {
                    "AsOfDate": "2017-12-30 23:59",
                    "Description": "Hotel 81 Orchid will impose a charge if changes or cancellation are made after 30 Dec 2017 23:59. Date and time is calculated based on local time at destination. ",
                    "HotelPenalty": "42.258179964SGD",
                    "OrbitzPenalty": "0SGD",
                    "PenaltyType": "Charges will apply if changes or cancellations are made on or after 31 Dec 2017 00:00 hotel local time.",
                    "PenaltyTypeCode": "FREE_CANCELLATION"
                },
                "CheckoutFee": 0.0,
                "CheckoutFeeCurrency": null,
                "DistributorFee": 0.0,
                "DistributorFeeCurrency": "USD",
                "HotelId": "91941",
                "ListHotelFees": null,
                "Listpromotions": null,
                "RateAccessCode": "322+H+1",
                "RateCode": "322+H+1",
                "RoomCategory": "",
                "RoomCode": "322+H+1",
                "RoomDescription": "TWIN STANDARD",
                "RoomType": "TWIN STANDARD",
                "Taxes": 0.0,
                "TaxesAndFees": 42.258179964,
                "TaxesAndFeesCurrency": "USD",
                "TaxesCurrency": "USD",
                "TotalCost": 42.258179964,
                "TotalCostCurrecy": "USD",
                "TotalCostInclusive": 42.258179964,
                "TotalCostInclusiveCurrency": "USD",
                "TotalStrikeRate": 0.0,
                "TotalStrikeRateCurrency": "USD",
                "adultIDs": [
                    "1",
                    "2"
                ],
                "bed_type": null,
                "bf_type": null,
                "breakfastIncludedForNoOfAdults": null,
                "breakfastIncludedForNoOfChildren": null,
                "childIDs": [],
                "commentContract": "Notice: Hotel Renovation Notice \nHotel will be undergoing a comprehensive renovation, to enhance the propert and service. As a result hotel will be closed during this time:\nCommence Date: 05 March 2018\nEstimated Completion Date: Mid of June 2018 \n",
                "isBreakfastIncluded": 0,
                "isbreakfast": false,
                "key": "322+H+1",
                "mealPlan": null
            },
            {
                "ActualTotalCostInclusive": 55.93,
                "BreakfastChargesPerExtraAdult": 0.0,
                "BreakfastTotalCost": null,
                "CancellationPolicy": {
                    "AsOfDate": "2017-12-30 23:59",
                    "Description": "Hotel 81 Orchid will impose a charge if changes or cancellation are made after 30 Dec 2017 23:59. Date and time is calculated based on local time at destination. ",
                    "HotelPenalty": "42.258179964SGD",
                    "OrbitzPenalty": "0SGD",
                    "PenaltyType": "Charges will apply if changes or cancellations are made on or after 31 Dec 2017 00:00 hotel local time.",
                    "PenaltyTypeCode": "FREE_CANCELLATION"
                },
                "CheckoutFee": 0.0,
                "CheckoutFeeCurrency": null,
                "DistributorFee": 0.0,
                "DistributorFeeCurrency": "USD",
                "HotelId": "91941",
                "ListHotelFees": null,
                "Listpromotions": null,
                "RateAccessCode": "322+H+1",
                "RateCode": "322+H+1",
                "RoomCategory": "",
                "RoomCode": "322+H+1",
                "RoomDescription": "TWIN STANDARD",
                "RoomType": "TWIN STANDARD",
                "Taxes": 0.0,
                "TaxesAndFees": 42.258179964,
                "TaxesAndFeesCurrency": "USD",
                "TaxesCurrency": "USD",
                "TotalCost": 42.258179964,
                "TotalCostCurrecy": "USD",
                "TotalCostInclusive": 42.258179964,
                "TotalCostInclusiveCurrency": "USD",
                "TotalStrikeRate": 0.0,
                "TotalStrikeRateCurrency": "USD",
                "adultIDs": [
                    "3",
                    "4"
                ],
                "bed_type": null,
                "bf_type": null,
                "breakfastIncludedForNoOfAdults": null,
                "breakfastIncludedForNoOfChildren": null,
                "childIDs": [],
                "commentContract": "Notice: Hotel Renovation Notice \nHotel will be undergoing a comprehensive renovation, to enhance the propert and service. As a result hotel will be closed during this time:\nCommence Date: 05 March 2018\nEstimated Completion Date: Mid of June 2018 \n",
                "isBreakfastIncluded": 0,
                "isbreakfast": false,
                "key": "322+H+1",
                "mealPlan": null
            }
        ],
        "RecommendationCount": "0",
        "ReviewCount": "0",
        "ReviewScore": "0",
        "StarRating": "0",
        "State": "",
        "agencyReference": "163007",
        "bf_type": null,
        "purchaseToken": "O3254901463"
    }
]