{
  "id": "ffd5a3aa-6e20-c73a-6cc4-1ce4cd0173e1",
  "name": "dotw.live",
  "values": [
    {
      "enabled": true,
      "key": "username",
      "value": "Wuzhou",
      "type": "text"
    },
    {
      "enabled": true,
      "key": "password",
      "value": "4e82a3714dbf86046439b91dde16ca34",
      "type": "text"
    },
    {
      "enabled": true,
      "key": "host",
      "value": "http://us.dotwconnect.com/gatewayV3.dotw",
      "type": "text"
    },
    {
      "enabled": true,
      "key": "company",
      "value": "1256308",
      "type": "text"
    }
  ],
  "timestamp": 1505895214520,
  "_postman_variable_scope": "environment",
  "_postman_exported_at": "2017-11-06T09:39:06.673Z",
  "_postman_exported_using": "Postman/5.2.0"
}