{
  "id": "bce39aef-c888-3354-52d5-f139ef89ddc1",
  "name": "iVector.live",
  "values": [
    {
      "enabled": true,
      "key": "url",
      "value": "http://totalstayxml.ivector.co.uk/xml/book.aspx",
      "type": "text"
    },
    {
      "enabled": true,
      "key": "username",
      "value": "MoguFTP",
      "type": "text"
    },
    {
      "enabled": true,
      "key": "password",
      "value": "CMNKmPvQ5x",
      "type": "text"
    }
  ],
  "timestamp": 1504257403879,
  "_postman_variable_scope": "environment",
  "_postman_exported_at": "2017-11-06T09:39:09.281Z",
  "_postman_exported_using": "Postman/5.2.0"
}