{
  "id": "cc823d12-7bfb-dec7-9468-6f72c5819800",
  "name": "jltour.live",
  "values": [
    {
      "enabled": true,
      "key": "url",
      "value": "http://interface.jladmin.cn:90/common/service.do",
      "type": "text"
    },
    {
      "enabled": true,
      "key": "username",
      "value": "BJ35553",
      "type": "text"
    },
    {
      "enabled": true,
      "key": "password",
      "value": "bjmgjltour",
      "type": "text"
    }
  ],
  "timestamp": 1500449130568,
  "_postman_variable_scope": "environment",
  "_postman_exported_at": "2017-11-06T09:39:15.616Z",
  "_postman_exported_using": "Postman/5.2.0"
}