{
  "id": "dd131ec7-23dd-95ae-746f-b2d556b4f733",
  "name": "loh.live",
  "values": [
    {
      "enabled": true,
      "key": "username",
      "value": "4000437837@mogutrip.cn",
      "type": "text"
    },
    {
      "enabled": true,
      "key": "password",
      "value": "byGyk3K7Rc",
      "type": "text"
    },
    {
      "enabled": true,
      "key": "version",
      "value": "1.1",
      "type": "text"
    },
    {
      "enabled": true,
      "key": "host",
      "value": "xml-uh.lotsofhotels.com",
      "type": "text"
    }
  ],
  "timestamp": 1493975762400,
  "_postman_variable_scope": "environment",
  "_postman_exported_at": "2017-11-06T09:39:22.998Z",
  "_postman_exported_using": "Postman/5.2.0"
}