{
  "id": "bf96215d-9bdd-2719-c644-287abd3861fd",
  "name": "veturis.live",
  "values": [
    {
      "enabled": true,
      "key": "username",
      "value": "asiatoureurope",
      "type": "text"
    },
    {
      "enabled": true,
      "key": "password",
      "value": "zAX6hjwV",
      "type": "text"
    },
    {
      "enabled": true,
      "key": "host",
      "value": "xmlservicesv2.veturis.cn",
      "type": "text"
    }
  ],
  "timestamp": 1494831498917,
  "_postman_variable_scope": "environment",
  "_postman_exported_at": "2017-11-06T09:39:30.101Z",
  "_postman_exported_using": "Postman/5.2.0"
}