{
    "BillingAddressDetails": {
        "BillingCity": "BeiJing",
        "BillingCountry": null,
        "BillingLine1": "jianwaisoho",
        "BillingLine2": "",
        "BillingState": "BeiJing",
        "BillingZipCode": "100000"
    },
    "Booking": {
        "Adults": 4,
        "BookingStatus": "Pending",
        "Checkin": "2018-01-01T00:00:00",
        "Checkout": "2018-01-02T00:00:00",
        "Child2": 0,
        "Childs": 1,
        "Currency": "USD",
        "Destination": "Singapore, Singapore",
        "IpAddress": "127.0.0.1",
        "RoomFormat": "room1=2,0&room2=2,0,5",
        "Rooms": 2,
        "Senior": 0,
        "TotalAmount": "209.02",
        "TzMemberId": "2313",
        "Youth": 0
    },
    "ProductDetails": [
        {
            "Booksource": "kbFUXlrzgKK7icZ6UMaJ",
            "Currency": "USD",
            "ProductId": "80187",
            "ProductName": "Fragrance Crystal",
            "ProductType": "hotel",
            "RoomsArrangement": [
                {
                    "CachekeyValue": "",
                    "CancellationPolicy": {
                        "AsOfDate": "2017-12-28 23:59",
                        "Description": "Fragrance Hotel - Crystal will impose a charge if changes or cancellation are made after 28 Dec 2017 23:59. Date and time is calculated based on local time at destination. ",
                        "HotelPenalty": "107.371892628SGD",
                        "OrbitzPenalty": "0SGD",
                        "PenaltyType": "Charges will apply if changes or cancellations are made on or after 29 Dec 2017 00:00 hotel local time.",
                        "PenaltyTypeCode": "FREE_CANCELLATION"
                    },
                    "CheckoutFee": "0.0",
                    "CheckoutFeeCurrency": null,
                    "Commission": null,
                    "Currency": "USD",
                    "DistributorFee": "0.0",
                    "DistributorFeeCurrency": "USD",
                    "HotelFee": "0",
                    "HotelFeeCurrency": "USD",
                    "Key": "1Hj4TGRKDhw6vp7SM3n72g9f:GS-ALL:322:RO-SG1:FM:TPL-SG1",
                    "Link": "1Hj4TGRKDhw6vp7SM3n72g9f:GS-ALL:322:RO-SG1:FM:TPL-SG1",
                    "PackageHotelId": 0,
                    "PackageHotelName": null,
                    "RoomAccessCode": "322+H+1",
                    "RoomCategory": "",
                    "RoomCode": "322+H+1",
                    "RoomDesc": "TRIPLE FAMILY ROOM",
                    "RoomNo": 2,
                    "SmokingPreferences": "",
                    "Taxes": "0.0",
                    "TaxesCurrency": "USD",
                    "TaxesFee": "107.37189262800001",
                    "TaxesFeeCurrency": "USD",
                    "TotalCost": "107.37189262800001",
                    "TotalCostCurrency": "USD",
                    "TotalCostInclusive": "107.37189262800001",
                    "TotalCostInclusiveCurrency": "USD",
                    "TravellerIndex": 0,
                    "adult": 2,
                    "adultIDs": [
                        "4",
                        "5"
                    ],
                    "bed_type": null,
                    "bf_type": null,
                    "child": 1,
                    "childIDs": [
                        {
                            "Age": "5",
                            "ID": "3",
                            "isUsed": "false"
                        }
                    ],
                    "isbreakfast": false
                },
                {
                    "CachekeyValue": "",
                    "CancellationPolicy": {
                        "AsOfDate": "2017-12-28 23:59",
                        "Description": "Fragrance Hotel - Crystal will impose a charge if changes or cancellation are made after 28 Dec 2017 23:59. Date and time is calculated based on local time at destination. ",
                        "HotelPenalty": "107.371892628SGD",
                        "OrbitzPenalty": "0SGD",
                        "PenaltyType": "Charges will apply if changes or cancellations are made on or after 29 Dec 2017 00:00 hotel local time.",
                        "PenaltyTypeCode": "FREE_CANCELLATION"
                    },
                    "CheckoutFee": "0.0",
                    "CheckoutFeeCurrency": null,
                    "Commission": null,
                    "Currency": "USD",
                    "DistributorFee": "0.0",
                    "DistributorFeeCurrency": "USD",
                    "HotelFee": "0",
                    "HotelFeeCurrency": "USD",
                    "Key": "1Hj4TGRKDhw6vp7SM3n72g9f:GS-ALL:322:RO-SG1:FM:TPL-SG1",
                    "Link": "1Hj4TGRKDhw6vp7SM3n72g9f:GS-ALL:322:RO-SG1:FM:TPL-SG1",
                    "PackageHotelId": 0,
                    "PackageHotelName": null,
                    "RoomAccessCode": "322+H+1",
                    "RoomCategory": "",
                    "RoomCode": "322+H+1",
                    "RoomDesc": "TRIPLE FAMILY ROOM",
                    "RoomNo": 1,
                    "SmokingPreferences": "",
                    "Taxes": "0.0",
                    "TaxesCurrency": "USD",
                    "TaxesFee": "107.37189262800001",
                    "TaxesFeeCurrency": "USD",
                    "TotalCost": "107.37189262800001",
                    "TotalCostCurrency": "USD",
                    "TotalCostInclusive": "107.37189262800001",
                    "TotalCostInclusiveCurrency": "USD",
                    "TravellerIndex": 0,
                    "adult": 4,
                    "adultIDs": [
                        "1",
                        "2"
                    ],
                    "bed_type": null,
                    "bf_type": null,
                    "child": 1,
                    "childIDs": [],
                    "isbreakfast": false
                }
            ],
            "TotalCost": "209.02",
            "agencyReference": "163007",
            "purchaseToken": "O0376649227"
        }
    ],
    "Travellers": [
        {
            "CountryCode": null,
            "Email": "hotelservice@mogutrip.cn",
            "FirstName": "YI",
            "Index": 1,
            "LastName": "YANG",
            "Phone": "",
            "PhoneNumber": "",
            "Salutation": null,
            "TravellerType": "Adult"
        },
        {
            "CountryCode": null,
            "Email": "hotelservice@mogutrip.cn",
            "FirstName": "ER",
            "Index": 2,
            "LastName": "YANG",
            "Phone": "",
            "PhoneNumber": "",
            "Salutation": null,
            "TravellerType": "Adult"
        },
        {
            "CountryCode": null,
            "Email": "hotelservice@mogutrip.cn",
            "FirstName": "SAN",
            "Index": 3,
            "LastName": "YANG",
            "Phone": "",
            "PhoneNumber": "",
            "Salutation": null,
            "TravellerType": "Child"
        },
        {
            "CountryCode": null,
            "Email": "hotelservice@mogutrip.cn",
            "FirstName": "SI",
            "Index": 4,
            "LastName": "YANG",
            "Phone": "",
            "PhoneNumber": "",
            "Salutation": null,
            "TravellerType": "Adult"
        },
        {
            "CountryCode": null,
            "Email": "hotelservice@mogutrip.cn",
            "FirstName": "WU",
            "Index": 5,
            "LastName": "YANG",
            "Phone": "",
            "PhoneNumber": "",
            "Salutation": null,
            "TravellerType": "Adult"
        }
    ]
}