{
    "AgentID": 0,
    "Amount": "0",
    "BookingId": "9335cb71-1698-4c4c-9b72-a1f49f6bb51c",
    "BookingRef": "201711000036",
    "BookingStatus": "Success",
    "CardNumber": "",
    "Currency": "USD",
    "CustomerEmail": "hotelservice@mogutrip.cn",
    "CustomerName": "YI",
    "ErrorMsg": "Success",
    "ExpiryDate": "",
    "IsPayLink": false,
    "IsPromotion": false,
    "ObjActivitySearch": null,
    "PNRNumber": null,
    "PaymentId": "3cb724d0-35f2-4c3e-9f2d-292124ca0555",
    "PaymentType": null,
    "ProductBookingId": "11054",
    "ProductType": "hotel",
    "SourceApplication": "B2B",
    "Status": false,
    "TransPK": 0,
    "TransactionID": "",
    "UniqueTxnId": "",
    "paymenttypemsg": "CreditLimit"
}