{
    "Adults": 4,
    "CachekeyValue": "",
    "CheckIn": "2018-01-01",
    "CheckInTime": "2018-01-01",
    "CheckOut": "2018-01-02",
    "CheckOutTime": "2018-01-02",
    "Childs": 1,
    "Country": null,
    "Currency": "USD",
    "Description": "<p><b>Property Location</b> <br />With a stay at Fragrance Hotel - Crystal in Singapore (Geylang), you'll be convenient to Singapore Sports Hub and Singapore Flyer.  This hotel is within close proximity of Singapore National Stadium and Kallang Wave Mall.</p><p><b>Rooms</b> <br />Make yourself at home in one of the 125 air-conditioned guestrooms. Complimentary wireless Internet access keeps you connected, and cable programming is available for your entertainment. Private bathrooms with showers feature complimentary toiletries and hair dryers. Conveniences include phones, as well as coffee/tea makers and complimentary bottled water.</p><p><b>Amenities</b> <br />Make use of convenient amenities, which include complimentary wireless Internet access and tour/ticket assistance.</p><p><b>Business, Other Amenities</b> <br />Featured amenities include a 24-hour business center, dry cleaning/laundry services, and a 24-hour front desk. Free self parking is available onsite.</p>",
    "Destination": "Singapore, Singapore",
    "HotelCode": null,
    "HotelID": "80187",
    "HotelName": "Fragrance Crystal",
    "LstHotelImages": [
        {
            "Title": null,
            "URL": "http://media.expedia.com/hotels/3000000/2140000/2139700/2139663/2139663_94_b.jpg"
        },
        {
            "Title": null,
            "URL": "http://media.expedia.com/hotels/3000000/2140000/2139700/2139663/2139663_95_b.jpg"
        },
        {
            "Title": null,
            "URL": "http://media.expedia.com/hotels/3000000/2140000/2139700/2139663/2139663_66_b.jpg"
        },
        {
            "Title": null,
            "URL": "http://media.expedia.com/hotels/3000000/2140000/2139700/2139663/2139663_70_b.jpg"
        },
        {
            "Title": null,
            "URL": "http://media.expedia.com/hotels/3000000/2140000/2139700/2139663/2139663_71_b.jpg"
        },
        {
            "Title": null,
            "URL": "http://media.expedia.com/hotels/3000000/2140000/2139700/2139663/2139663_72_b.jpg"
        },
        {
            "Title": null,
            "URL": "http://media.expedia.com/hotels/3000000/2140000/2139700/2139663/2139663_73_b.jpg"
        },
        {
            "Title": null,
            "URL": "http://media.expedia.com/hotels/3000000/2140000/2139700/2139663/2139663_74_b.jpg"
        },
        {
            "Title": null,
            "URL": "http://media.expedia.com/hotels/3000000/2140000/2139700/2139663/2139663_76_b.jpg"
        },
        {
            "Title": null,
            "URL": "http://media.expedia.com/hotels/3000000/2140000/2139700/2139663/2139663_77_b.jpg"
        },
        {
            "Title": null,
            "URL": "http://media.expedia.com/hotels/3000000/2140000/2139700/2139663/2139663_80_b.jpg"
        },
        {
            "Title": null,
            "URL": "http://media.expedia.com/hotels/3000000/2140000/2139700/2139663/2139663_82_b.jpg"
        },
        {
            "Title": null,
            "URL": "http://media.expedia.com/hotels/3000000/2140000/2139700/2139663/2139663_83_b.jpg"
        },
        {
            "Title": null,
            "URL": "http://media.expedia.com/hotels/3000000/2140000/2139700/2139663/2139663_84_b.jpg"
        },
        {
            "Title": null,
            "URL": "http://media.expedia.com/hotels/3000000/2140000/2139700/2139663/2139663_87_b.jpg"
        },
        {
            "Title": null,
            "URL": "http://media.expedia.com/hotels/3000000/2140000/2139700/2139663/2139663_98_b.jpg"
        },
        {
            "Title": null,
            "URL": "http://media.expedia.com/hotels/3000000/2140000/2139700/2139663/2139663_99_b.jpg"
        },
        {
            "Title": null,
            "URL": "http://media.expedia.com/hotels/3000000/2140000/2139700/2139663/2139663_100_b.jpg"
        },
        {
            "Title": null,
            "URL": "http://media.expedia.com/hotels/3000000/2140000/2139700/2139663/2139663_101_b.jpg"
        },
        {
            "Title": null,
            "URL": "http://media.expedia.com/hotels/3000000/2140000/2139700/2139663/2139663_69_b.jpg"
        },
        {
            "Title": null,
            "URL": "http://media.expedia.com/hotels/3000000/2140000/2139700/2139663/2139663_79_b.jpg"
        },
        {
            "Title": null,
            "URL": "http://media.expedia.com/hotels/3000000/2140000/2139700/2139663/2139663_85_b.jpg"
        },
        {
            "Title": null,
            "URL": "http://media.expedia.com/hotels/3000000/2140000/2139700/2139663/2139663_67_b.jpg"
        },
        {
            "Title": null,
            "URL": "http://media.expedia.com/hotels/3000000/2140000/2139700/2139663/2139663_68_b.jpg"
        },
        {
            "Title": null,
            "URL": "http://media.expedia.com/hotels/3000000/2140000/2139700/2139663/2139663_75_b.jpg"
        },
        {
            "Title": null,
            "URL": "http://media.expedia.com/hotels/3000000/2140000/2139700/2139663/2139663_78_b.jpg"
        },
        {
            "Title": null,
            "URL": "http://media.expedia.com/hotels/3000000/2140000/2139700/2139663/2139663_81_b.jpg"
        },
        {
            "Title": null,
            "URL": "http://media.expedia.com/hotels/3000000/2140000/2139700/2139663/2139663_86_b.jpg"
        },
        {
            "Title": null,
            "URL": "http://media.expedia.com/hotels/3000000/2140000/2139700/2139663/2139663_102_b.jpg"
        },
        {
            "Title": null,
            "URL": "http://media.expedia.com/hotels/3000000/2140000/2139700/2139663/2139663_96_b.jpg"
        },
        {
            "Title": null,
            "URL": "http://media.expedia.com/hotels/3000000/2140000/2139700/2139663/2139663_97_b.jpg"
        },
        {
            "Title": null,
            "URL": "http://media.expedia.com/hotels/3000000/2140000/2139700/2139663/74c5cb90_b.jpg"
        },
        {
            "Title": null,
            "URL": "http://media.expedia.com/hotels/3000000/2140000/2139700/2139663/2139663_90_b.jpg"
        },
        {
            "Title": null,
            "URL": "http://media.expedia.com/hotels/3000000/2140000/2139700/2139663/2139663_88_b.jpg"
        },
        {
            "Title": null,
            "URL": "http://media.expedia.com/hotels/3000000/2140000/2139700/2139663/2139663_89_b.jpg"
        },
        {
            "Title": null,
            "URL": "http://media.expedia.com/hotels/3000000/2140000/2139700/2139663/2139663_91_b.jpg"
        },
        {
            "Title": null,
            "URL": "http://media.expedia.com/hotels/3000000/2140000/2139700/2139663/2139663_92_b.jpg"
        },
        {
            "Title": null,
            "URL": "http://media.expedia.com/hotels/3000000/2140000/2139700/2139663/2139663_93_b.jpg"
        }
    ],
    "LstRooms": [
        {
            "LstRoomDetails": [
                {
                    "Amount": 5.81,
                    "AverageNightlyRate": 100.11856654799999,
                    "AverageNightlyStrikeRate": 0.0,
                    "Board": "",
                    "BookingFee": 0.0,
                    "CachekeyValue": null,
                    "CancellUpto": "28 Dec 2017 23:59",
                    "ChargeablesText": null,
                    "CheckoutFee": 0.0,
                    "Description": "TRIPLE FAMILY ROOM",
                    "DistributorFee": 0.0,
                    "Fee": 0.0,
                    "FreeCancellable": true,
                    "HasFreeInternet": false,
                    "HotelCode": null,
                    "HotelID": "80187",
                    "Id": null,
                    "Key": "1Hj4TGRKDhw6vp7SM3n72g9f:GS-ALL@:322:RO-SG1:FM:TPL-SG1",
                    "Link": "1Hj4TGRKDhw6vp7SM3n72g9f:GS-ALL@:322:RO-SG1:FM:TPL-SG1",
                    "Location": null,
                    "PromoCode": "9005",
                    "PromotionText": "Exclusive discount",
                    "ProviderCode": "kbFUXlrzgKK7icZ6UMaJ",
                    "RateType": "",
                    "RequestCode": null,
                    "RoomCode": "1Hj4TGRKDhw6vp7SM3n72g9f:GS-ALL@:322:RO-SG1:FM:TPL-SG1",
                    "RoomNo": 1,
                    "Taxes": 0.0,
                    "TotalCost": 100.11856654799999,
                    "TotalCostInclusive": 100.11856654799999,
                    "TotalStrikeRate": 0.0,
                    "TypeCode": "TPL-SG1",
                    "TypeValue": "TRIPLE FAMILY ROOM",
                    "availToken": "kbFUXlrzgKK7icZ6UMaJ",
                    "breakfast_type": null,
                    "isbreakfast": false
                },
                {
                    "Amount": 0.0,
                    "AverageNightlyRate": 104.50833993599998,
                    "AverageNightlyStrikeRate": 0.0,
                    "Board": "",
                    "BookingFee": 0.0,
                    "CachekeyValue": null,
                    "CancellUpto": "28 Dec 2017 23:59",
                    "ChargeablesText": null,
                    "CheckoutFee": 0.0,
                    "Description": "TRIPLE FAMILY ROOM",
                    "DistributorFee": 0.0,
                    "Fee": 0.0,
                    "FreeCancellable": true,
                    "HasFreeInternet": false,
                    "HotelCode": null,
                    "HotelID": "80187",
                    "Id": null,
                    "Key": "1Hj4TGRKDhw6vp7SM3n72g9f:GS-ALL:322:RO-SG1:FM:TPL-SG1",
                    "Link": "1Hj4TGRKDhw6vp7SM3n72g9f:GS-ALL:322:RO-SG1:FM:TPL-SG1",
                    "Location": null,
                    "PromoCode": "",
                    "PromotionText": "",
                    "ProviderCode": "kbFUXlrzgKK7icZ6UMaJ",
                    "RateType": "",
                    "RequestCode": null,
                    "RoomCode": "1Hj4TGRKDhw6vp7SM3n72g9f:GS-ALL:322:RO-SG1:FM:TPL-SG1",
                    "RoomNo": 1,
                    "Taxes": 0.0,
                    "TotalCost": 104.50833993599998,
                    "TotalCostInclusive": 104.50833993599998,
                    "TotalStrikeRate": 0.0,
                    "TypeCode": "TPL-SG1",
                    "TypeValue": "TRIPLE FAMILY ROOM",
                    "availToken": "kbFUXlrzgKK7icZ6UMaJ",
                    "breakfast_type": null,
                    "isbreakfast": false
                }
            ]
        },
        {
            "LstRoomDetails": [
                {
                    "Amount": 5.81,
                    "AverageNightlyRate": 100.11856654799999,
                    "AverageNightlyStrikeRate": 0.0,
                    "Board": "",
                    "BookingFee": 0.0,
                    "CachekeyValue": null,
                    "CancellUpto": "28 Dec 2017 23:59",
                    "ChargeablesText": null,
                    "CheckoutFee": 0.0,
                    "Description": "TRIPLE FAMILY ROOM",
                    "DistributorFee": 0.0,
                    "Fee": 0.0,
                    "FreeCancellable": true,
                    "HasFreeInternet": false,
                    "HotelCode": null,
                    "HotelID": "80187",
                    "Id": null,
                    "Key": "1Hj4TGRKDhw6vp7SM3n72g9f:GS-ALL@:322:RO-SG1:FM:TPL-SG1",
                    "Link": "1Hj4TGRKDhw6vp7SM3n72g9f:GS-ALL@:322:RO-SG1:FM:TPL-SG1",
                    "Location": null,
                    "PromoCode": "9005",
                    "PromotionText": "Exclusive discount",
                    "ProviderCode": "kbFUXlrzgKK7icZ6UMaJ",
                    "RateType": "",
                    "RequestCode": null,
                    "RoomCode": "1Hj4TGRKDhw6vp7SM3n72g9f:GS-ALL@:322:RO-SG1:FM:TPL-SG1",
                    "RoomNo": 2,
                    "Taxes": 0.0,
                    "TotalCost": 100.11856654799999,
                    "TotalCostInclusive": 100.11856654799999,
                    "TotalStrikeRate": 0.0,
                    "TypeCode": "TPL-SG1",
                    "TypeValue": "TRIPLE FAMILY ROOM",
                    "availToken": "kbFUXlrzgKK7icZ6UMaJ",
                    "breakfast_type": null,
                    "isbreakfast": false
                },
                {
                    "Amount": 0.0,
                    "AverageNightlyRate": 104.50833993599998,
                    "AverageNightlyStrikeRate": 0.0,
                    "Board": "",
                    "BookingFee": 0.0,
                    "CachekeyValue": null,
                    "CancellUpto": "28 Dec 2017 23:59",
                    "ChargeablesText": null,
                    "CheckoutFee": 0.0,
                    "Description": "TRIPLE FAMILY ROOM",
                    "DistributorFee": 0.0,
                    "Fee": 0.0,
                    "FreeCancellable": true,
                    "HasFreeInternet": false,
                    "HotelCode": null,
                    "HotelID": "80187",
                    "Id": null,
                    "Key": "1Hj4TGRKDhw6vp7SM3n72g9f:GS-ALL:322:RO-SG1:FM:TPL-SG1",
                    "Link": "1Hj4TGRKDhw6vp7SM3n72g9f:GS-ALL:322:RO-SG1:FM:TPL-SG1",
                    "Location": null,
                    "PromoCode": "",
                    "PromotionText": "",
                    "ProviderCode": "kbFUXlrzgKK7icZ6UMaJ",
                    "RateType": "",
                    "RequestCode": null,
                    "RoomCode": "1Hj4TGRKDhw6vp7SM3n72g9f:GS-ALL:322:RO-SG1:FM:TPL-SG1",
                    "RoomNo": 2,
                    "Taxes": 0.0,
                    "TotalCost": 104.50833993599998,
                    "TotalCostInclusive": 104.50833993599998,
                    "TotalStrikeRate": 0.0,
                    "TypeCode": "TPL-SG1",
                    "TypeValue": "TRIPLE FAMILY ROOM",
                    "availToken": "kbFUXlrzgKK7icZ6UMaJ",
                    "breakfast_type": null,
                    "isbreakfast": false
                }
            ]
        }
    ],
    "NoOfNights": 1,
    "Provider": "",
    "RecommendationCount": "",
    "ReviewCount": "",
    "ReviewScores": "",
    "RoomFormat": "room1=2,0&room2=2,0,5",
    "Rooms": 2,
    "StarRating": "2",
    "TotalCost": 0.0,
    "TotalCostInclusive": 100.11856654799999,
    "city": "Singapore",
    "latitude": 1.31065,
    "longitude": 103.8808,
    "postalCode": null,
    "street1": "50 Lorong 18 Geylang,Singapore,398824"
}