{
    "HotelsList": [
        {
            "Adults": 4,
            "AverageNightlyRate": 168.46605375599998,
            "AverageNightlyStrikeRate": 0.0,
            "CheckIn": "2018-01-01",
            "CheckOut": "2018-01-02",
            "Childs": 1,
            "Currency": "USD",
            "Description": "In Singapore (Geylang)",
            "Destination": "Singapore, Singapore",
            "FreeCancellable": false,
            "HotelCode": "80188",
            "HotelID": "80188",
            "HotelImage": "https://res.cloudinary.com/travelprologue1/image/fetch/s--xmZBuw6b--/c_imagga_crop,h_115,w_109/http://media.expedia.com/hotels/3000000/2140000/2139500/2139442/7c1172dc_b.jpg",
            "HotelName": "Fragrance Emerald",
            "PromotionText": [
                "Exclusive discount"
            ],
            "Provider": "A2F2kUwRCqWxQq7d4bpa",
            "RequestCode": null,
            "RoomDesc": null,
            "RoomFormat": "room1=2,0&room2=2,0,5",
            "RoomNo": 0,
            "Rooms": 2,
            "Sequence": 7,
            "StarRating": "2.0",
            "TotalCostInclusive": 168.46605375599998,
            "TotalRecords": 0,
            "TpHotelID": "cdfd1fd4ac48193a2fa6bd6f9dde0a6d0b134e90",
            "availToken": "A2F2kUwRCqWxQq7d4bpa",
            "isFreeInternet": false,
            "latitude": null,
            "longitude": null
        },
        {
            "Adults": 4,
            "AverageNightlyRate": 168.46605375599998,
            "AverageNightlyStrikeRate": 0.0,
            "CheckIn": "2018-01-01",
            "CheckOut": "2018-01-02",
            "Childs": 1,
            "Currency": "USD",
            "Description": "In Singapore (Geylang)",
            "Destination": "Singapore, Singapore",
            "FreeCancellable": false,
            "HotelCode": "119813",
            "HotelID": "119813",
            "HotelImage": "https://res.cloudinary.com/travelprologue1/image/fetch/s--zw_Xy3Wt--/c_imagga_crop,h_115,w_109/http://media.expedia.com/hotels/3000000/2820000/2812700/2812614/2812614_48_b.jpg",
            "HotelName": "Fragrance Sunflower",
            "PromotionText": [
                "Exclusive discount"
            ],
            "Provider": "A2F2kUwRCqWxQq7d4bpa",
            "RequestCode": null,
            "RoomDesc": null,
            "RoomFormat": "room1=2,0&room2=2,0,5",
            "RoomNo": 0,
            "Rooms": 2,
            "Sequence": 1,
            "StarRating": "2.0",
            "TotalCostInclusive": 168.46605375599998,
            "TotalRecords": 0,
            "TpHotelID": "d6399db60dace5f433a660d1ab78b29829f5f1e9",
            "availToken": "A2F2kUwRCqWxQq7d4bpa",
            "isFreeInternet": false,
            "latitude": null,
            "longitude": null
        },
        {
            "Adults": 4,
            "AverageNightlyRate": 160.555395,
            "AverageNightlyStrikeRate": 0.0,
            "CheckIn": "2018-01-01",
            "CheckOut": "2018-01-02",
            "Childs": 1,
            "Currency": "USD",
            "Description": "Near Nex",
            "Destination": "Singapore, Singapore",
            "FreeCancellable": false,
            "HotelCode": "140153",
            "HotelID": "140153",
            "HotelImage": "https://res.cloudinary.com/travelprologue1/image/fetch/s--35Dn9oGx--/c_imagga_crop,h_115,w_109/http://media.expedia.com/hotels/5000000/4610000/4607700/4607637/4607637_17_b.jpg",
            "HotelName": "Hotel 81 - Kovan",
            "PromotionText": [],
            "Provider": "A2F2kUwRCqWxQq7d4bpa",
            "RequestCode": null,
            "RoomDesc": null,
            "RoomFormat": "room1=2,0&room2=2,0,5",
            "RoomNo": 0,
            "Rooms": 2,
            "Sequence": 2,
            "StarRating": "2.0",
            "TotalCostInclusive": 160.555395,
            "TotalRecords": 0,
            "TpHotelID": "090e880844c2dd6d013e1c88d7afecb2e799b083",
            "availToken": "A2F2kUwRCqWxQq7d4bpa",
            "isFreeInternet": false,
            "latitude": null,
            "longitude": null
        },
        {
            "Adults": 4,
            "AverageNightlyRate": 238.619316936,
            "AverageNightlyStrikeRate": 0.0,
            "CheckIn": "2018-01-01",
            "CheckOut": "2018-01-02",
            "Childs": 1,
            "Currency": "USD",
            "Description": null,
            "Destination": "Singapore, Singapore",
            "FreeCancellable": false,
            "HotelCode": "365419",
            "HotelID": "365419",
            "HotelImage": "https://res.cloudinary.com/travelprologue1/image/fetch/s--sjJwL2Al--/c_imagga_crop,h_115,w_109/http://media.expedia.com/hotels/9000000/8080000/8077500/8077429/8077429_9_b.jpg",
            "HotelName": "Hotel NuVe",
            "PromotionText": [
                "Non-refundable rate. No amendments permitted",
                "Early Booking discount"
            ],
            "Provider": "A2F2kUwRCqWxQq7d4bpa",
            "RequestCode": null,
            "RoomDesc": null,
            "RoomFormat": "room1=2,0&room2=2,0,5",
            "RoomNo": 0,
            "Rooms": 2,
            "Sequence": 4,
            "StarRating": "3.0",
            "TotalCostInclusive": 238.619316936,
            "TotalRecords": 0,
            "TpHotelID": "aca86a749d15740c21608f8f8ef6e8a370c9d360",
            "availToken": "A2F2kUwRCqWxQq7d4bpa",
            "isFreeInternet": false,
            "latitude": null,
            "longitude": null
        },
        {
            "Adults": 4,
            "AverageNightlyRate": 152.070514596,
            "AverageNightlyStrikeRate": 0.0,
            "CheckIn": "2018-01-01",
            "CheckOut": "2018-01-02",
            "Childs": 1,
            "Currency": "USD",
            "Description": "In Singapore (Geylang)",
            "Destination": "Singapore, Singapore",
            "FreeCancellable": false,
            "HotelCode": "80190",
            "HotelID": "80190",
            "HotelImage": "https://res.cloudinary.com/travelprologue1/image/fetch/s--OToJ_jjs--/c_imagga_crop,h_115,w_109/http://media.expedia.com/hotels/3000000/2140000/2139900/2139855/1511bbef_b.jpg",
            "HotelName": "Fragrance Ruby",
            "PromotionText": [
                "Non-refundable rate. No amendments permitted",
                "Early Booking discount",
                "Exclusive discount"
            ],
            "Provider": "A2F2kUwRCqWxQq7d4bpa",
            "RequestCode": null,
            "RoomDesc": null,
            "RoomFormat": "room1=2,0&room2=2,0,5",
            "RoomNo": 0,
            "Rooms": 2,
            "Sequence": 9,
            "StarRating": "2.0",
            "TotalCostInclusive": 152.070514596,
            "TotalRecords": 0,
            "TpHotelID": "f823675591f423a577c6bb80cf1671c6bed452fa",
            "availToken": "A2F2kUwRCqWxQq7d4bpa",
            "isFreeInternet": false,
            "latitude": null,
            "longitude": null
        },
        {
            "Adults": 4,
            "AverageNightlyRate": 190.30914302399998,
            "AverageNightlyStrikeRate": 0.0,
            "CheckIn": "2018-01-01",
            "CheckOut": "2018-01-02",
            "Childs": 1,
            "Currency": "USD",
            "Description": "In Singapore (Thomson - Balestier)",
            "Destination": "Singapore, Singapore",
            "FreeCancellable": false,
            "HotelCode": "110281",
            "HotelID": "110281",
            "HotelImage": "https://res.cloudinary.com/travelprologue1/image/fetch/s--hK4-BTlL--/c_imagga_crop,h_115,w_109/http://media.expedia.com/hotels/5000000/4130000/4120300/4120240/4120240_27_b.jpg",
            "HotelName": "Value Balestier",
            "PromotionText": [],
            "Provider": "A2F2kUwRCqWxQq7d4bpa",
            "RequestCode": null,
            "RoomDesc": null,
            "RoomFormat": "room1=2,0&room2=2,0,5",
            "RoomNo": 0,
            "Rooms": 2,
            "Sequence": 0,
            "StarRating": "2.0",
            "TotalCostInclusive": 190.30914302399998,
            "TotalRecords": 0,
            "TpHotelID": "df02c64d44474049604d5e25c37e7bd1eaeb469d",
            "availToken": "A2F2kUwRCqWxQq7d4bpa",
            "isFreeInternet": false,
            "latitude": null,
            "longitude": null
        },
        {
            "Adults": 4,
            "AverageNightlyRate": 168.46605375599998,
            "AverageNightlyStrikeRate": 0.0,
            "CheckIn": "2018-01-01",
            "CheckOut": "2018-01-02",
            "Childs": 1,
            "Currency": "USD",
            "Description": "In Singapore (Geylang)",
            "Destination": "Singapore, Singapore",
            "FreeCancellable": false,
            "HotelCode": "80187",
            "HotelID": "80187",
            "HotelImage": "https://res.cloudinary.com/travelprologue1/image/fetch/s--MZz3KhCB--/c_imagga_crop,h_115,w_109/http://media.expedia.com/hotels/3000000/2140000/2139700/2139663/2139663_93_b.jpg",
            "HotelName": "Fragrance Crystal",
            "PromotionText": [
                "Exclusive discount"
            ],
            "Provider": "A2F2kUwRCqWxQq7d4bpa",
            "RequestCode": null,
            "RoomDesc": null,
            "RoomFormat": "room1=2,0&room2=2,0,5",
            "RoomNo": 0,
            "Rooms": 2,
            "Sequence": 6,
            "StarRating": "2.0",
            "TotalCostInclusive": 168.46605375599998,
            "TotalRecords": 0,
            "TpHotelID": "d86b62954c4a23aa21e3969682a4e7e2a95debbb",
            "availToken": "A2F2kUwRCqWxQq7d4bpa",
            "isFreeInternet": false,
            "latitude": null,
            "longitude": null
        },
        {
            "Adults": 4,
            "AverageNightlyRate": 175.424713464,
            "AverageNightlyStrikeRate": 0.0,
            "CheckIn": "2018-01-01",
            "CheckOut": "2018-01-02",
            "Childs": 1,
            "Currency": "USD",
            "Description": null,
            "Destination": "Singapore, Singapore",
            "FreeCancellable": false,
            "HotelCode": "431338",
            "HotelID": "431338",
            "HotelImage": "https://res.cloudinary.com/travelprologue1/image/fetch/s--VyM6xlj2--/c_imagga_crop,h_115,w_109/http://media.expedia.com/hotels/14000000/13310000/13307900/13307850/13307850_49_b.jpg",
            "HotelName": "Hotel Boss",
            "PromotionText": [],
            "Provider": "A2F2kUwRCqWxQq7d4bpa",
            "RequestCode": null,
            "RoomDesc": null,
            "RoomFormat": "room1=2,0&room2=2,0,5",
            "RoomNo": 0,
            "Rooms": 2,
            "Sequence": 5,
            "StarRating": "3.5",
            "TotalCostInclusive": 175.424713464,
            "TotalRecords": 0,
            "TpHotelID": "f7966d41dde2c075b71c789f155b2a983909e765",
            "availToken": "A2F2kUwRCqWxQq7d4bpa",
            "isFreeInternet": false,
            "latitude": null,
            "longitude": null
        },
        {
            "Adults": 4,
            "AverageNightlyRate": 168.96471992399998,
            "AverageNightlyStrikeRate": 0.0,
            "CheckIn": "2018-01-01",
            "CheckOut": "2018-01-02",
            "Childs": 1,
            "Currency": "USD",
            "Description": "In Singapore (Geylang)",
            "Destination": "Singapore, Singapore",
            "FreeCancellable": false,
            "HotelCode": "80189",
            "HotelID": "80189",
            "HotelImage": "https://res.cloudinary.com/travelprologue1/image/fetch/s--G9BFkjAQ--/c_imagga_crop,h_115,w_109/http://media.expedia.com/hotels/3000000/2140000/2139600/2139505/15ed5866_b.jpg",
            "HotelName": "Fragrance Pearl",
            "PromotionText": [
                "Exclusive discount"
            ],
            "Provider": "A2F2kUwRCqWxQq7d4bpa",
            "RequestCode": null,
            "RoomDesc": null,
            "RoomFormat": "room1=2,0&room2=2,0,5",
            "RoomNo": 0,
            "Rooms": 2,
            "Sequence": 8,
            "StarRating": "2.0",
            "TotalCostInclusive": 168.96471992399998,
            "TotalRecords": 0,
            "TpHotelID": "0f4a23024807323bf8b2b5a2f25074eab6f724a5",
            "availToken": "A2F2kUwRCqWxQq7d4bpa",
            "isFreeInternet": false,
            "latitude": null,
            "longitude": null
        },
        {
            "Adults": 4,
            "AverageNightlyRate": 156.76250990399998,
            "AverageNightlyStrikeRate": 0.0,
            "CheckIn": "2018-01-01",
            "CheckOut": "2018-01-02",
            "Childs": 1,
            "Currency": "USD",
            "Description": "Near Raffles City",
            "Destination": "Singapore, Singapore",
            "FreeCancellable": false,
            "HotelCode": "198689",
            "HotelID": "198689",
            "HotelImage": "https://res.cloudinary.com/travelprologue1/image/fetch/s--2VfAShrz--/c_imagga_crop,h_115,w_109/http://media.expedia.com/hotels/6000000/5640000/5639200/5639121/5639121_17_b.jpg",
            "HotelName": "Amaris Hotel by Santika Bugis Singapore",
            "PromotionText": [],
            "Provider": "A2F2kUwRCqWxQq7d4bpa",
            "RequestCode": null,
            "RoomDesc": null,
            "RoomFormat": "room1=2,0&room2=2,0,5",
            "RoomNo": 0,
            "Rooms": 2,
            "Sequence": 3,
            "StarRating": "2.5",
            "TotalCostInclusive": 156.76250990399998,
            "TotalRecords": 0,
            "TpHotelID": "044bf68d74cc294792e16b347241fc408b285c1d",
            "availToken": "A2F2kUwRCqWxQq7d4bpa",
            "isFreeInternet": false,
            "latitude": null,
            "longitude": null
        }
    ],
    "MaxPrice": 0.0,
    "SearchCriteria": {
        "Adults": 4,
        "Amenities": null,
        "ChainCodesExcludes": null,
        "ChainCodesIncludes": null,
        "CheckIn": "2018-01-01",
        "CheckOut": "2018-01-02",
        "Childs": 1,
        "CityID": 5047,
        "Currency": "USD",
        "Destination": "Singapore, Singapore",
        "DisplayOrder": null,
        "HotelCode": null,
        "HotelId": null,
        "HotelName": null,
        "MaxPrice": 239.619316936,
        "MaxStar": 0,
        "MinPrice": 151.070514596,
        "MinStar": 0,
        "PageNo": "1",
        "PageSize": null,
        "Partner": null,
        "Provider": null,
        "RegionId": 0,
        "RequestID": 677,
        "RoomFormat": "room1=2,0&room2=2,0,5",
        "Rooms": 2,
        "SortBy": null,
        "StarCount": [
            0,
            7,
            2,
            1,
            0
        ],
        "StarRange": null,
        "TotalAvalibleHotels": 10,
        "_IsStatus": false
    },
    "StatusR": null
}