{
  "HotelName": "Fragrance Hotel - Crystal",
  "HotelImage": "http://api-dev.travelprologue.com /Images/HotelImage.png",
  "StarRating": "0",
  "Chaincode": "",
  "HotelId": "80187",
  "ReviewScore": "0",
  "ReviewCount": "0",
  "RecommendationCount": "0",
  "City": "",
  "State": "",
  "Country": "",
  "Postalcode": "",
  "bf_t ype": null,
  "PriceBreakDown": [
    {
      "key": "322+H+1",
      "HotelId": "80187",
      "RoomType": "TRIPLE FAMILY ROOM",
      "RoomDescription": "TRIPLE FAMILY ROOM",
      "RoomCode": "322+H+1",
      "RoomCategory": "",
      "RateCode": "322+H+ 1",
      "RateAccessCode": "322+H+1",
      "TotalCost": 85.67991432,
      "TotalCostCurrecy": "USD",
      "Taxes": 0.0,
      "TaxesCurrency": "USD",
      "TaxesAndFees": 85.67991432,
      "TaxesAndFeesCurrency": "USD",
      "DistributorFee": 0.0,
      " DistributorFeeCurrency": "USD",
      "CheckoutFee": 0.0,
      "CheckoutFeeCurrency": null,
      "TotalCostInclusive": 85.67991432,
      "TotalCostInclusiveCurrency": "USD",
      "TotalStrikeRate": 0.0,
      "TotalStrikeRateCurrency": "USD",
      "ListHotelFees": null,
      "Listpromotions": null,
      "CancellationPolicy": {
        "Description": "Fragrance Hotel - Crystal will impose a charge if changes or cancellation are made after 30 Dec 2017 23:5 9. Date and time is calculated based on local time at destination. ",
        "OrbitzPenalty": "0SGD",
        "HotelPenalty": "85.67991432SGD",
        "PenaltyTypeCode": "FREE_CANCELLATION",
        "PenaltyType": "Charges will a pply if changes or cancellations are made on or after 31 Dec 2017 00:00 hotel local time.",
        "AsOfDate": "2017-12-30 23:59"
      },
      "bed_type": null,
      "isbreakfast": false,
      "bf_type": null,
      "commentContract": "",
      "adultIDs": [
        "1",
        "2"
      ],
      "childIDs": [
        
      ],
      "isBreakfastIncluded": 0,
      "breakfastIncludedForNoOfAdults": null,
      "breakfastIncludedForNoOfChildren": null,
      "BreakfastChargesPerExtraAdult": 0.0,
      "BreakfastTotal Cost": null,
      "mealPlan": null,
      "ActualTotalCostInclusive": 113.4
    },
    {
      "key": "322+H+1",
      "HotelId": "80187",
      "RoomType": "TRIPLE FAMILY ROOM",
      "RoomDescription": "TRIPLE FAMILY ROOM",
      "RoomCode": "322+H+1",
      "Ro omCategory": "",
      "RateCode": "322+H+1",
      "RateAccessCode": "322+H+1",
      "TotalCost": 85.67991432,
      "TotalCostCurrecy": "USD",
      "Taxes": 0.0,
      "TaxesCurrency": "USD",
      "TaxesAndFees": 85.67991432,
      "TaxesAndFeesCurre ncy": "USD",
      "DistributorFee": 0.0,
      "DistributorFeeCurrency": "USD",
      "CheckoutFee": 0.0,
      "CheckoutFeeCurrency": null,
      "TotalCostInclusive": 85.67991432,
      "TotalCostInclusiveCurrency": "USD",
      "TotalStrikeRat e": 0.0,
      "TotalStrikeRateCurrency": "USD",
      "ListHotelFees": null,
      "Listpromotions": null,
      "CancellationPolicy": {
        "Description": "Fragrance Hotel - Crystal will impose a charge if changes or cancellatio n are made after 30 Dec 2017 23:59. Date and time is calculated based on local time at destination. ",
        "OrbitzPenalty": "0SGD",
        "HotelPenalty": "85.67991432SGD",
        "PenaltyTypeCode": "FREE_CANCELLATI ON",
        "PenaltyType": "Charges will apply if changes or cancellations are made on or after 31 Dec 2017 00:00 hotel local time.",
        "AsOfDate": "2017-12-30 23:59"
      },
      "bed_type": null,
      "isbreakfast": false,
      "bf_type": null,
      "commentContract": "",
      "adultIDs": [
        "4",
        "5"
      ],
      "childIDs": [
        {
          "ID": "3",
          "Age": "5",
          "isUsed": false
        }
      ],
      "isBreakfastIncluded": 0,
      "breakfastIncludedForNoOfAdults": null,
      "breakfastIncludedForNo OfChildren": null,
      "BreakfastChargesPerExtraAdult": 0.0,
      "BreakfastTotalCost": null,
      "mealPlan": null,
      "ActualTotalCostInclusive": 113.4
    }
  ],
  "purchaseToken": "O0512631086",
  "agencyReference": "163007"
}