{
    "BookingType": "Hotel",
    "CheckIn": "2018-01-01",
    "CheckOut": "2018-01-02",
    "HotelId": "80187",
    "availToken": "kbFUXlrzgKK7icZ6UMaJ",
    "cacheKeyValue": "1Hj4TGRKDhw6vp7SM3n72g9f:GS-ALL:322:RO-SG1:FM:TPL-SG1",
    "cityID": 5047,
    "currency": "USD",
    "roomBedFormat": "room1=2,0&room2=2,0,5",
    "roomCodes": [
        "1Hj4TGRKDhw6vp7SM3n72g9f:GS-ALL:322:RO-SG1:FM:TPL-SG1",
        "1Hj4TGRKDhw6vp7SM3n72g9f:GS-ALL:322:RO-SG1:FM:TPL-SG1"
    ],
    "roomKeys": [
        "1Hj4TGRKDhw6vp7SM3n72g9f:GS-ALL:322:RO-SG1:FM:TPL-SG1",
        "1Hj4TGRKDhw6vp7SM3n72g9f:GS-ALL:322:RO-SG1:FM:TPL-SG1"
    ],
    "roomLinks": [
        "1Hj4TGRKDhw6vp7SM3n72g9f:GS-ALL:322:RO-SG1:FM:TPL-SG1",
        "1Hj4TGRKDhw6vp7SM3n72g9f:GS-ALL:322:RO-SG1:FM:TPL-SG1"
    ]
}